{
  "0_total_start": 1745810050.2061067,
  "1_start": 1745810053.570639,
  "2_end": 1745810087.9759943
}