{
  "0_total_start": 1745825903.8814905,
  "1_start": 1745825907.3176563,
  "2_end": 1745825920.825802
}