{
  "0_total_start": 1745806741.049051,
  "1_start": 1745806744.2882512,
  "2_end": 1745806763.5678945
}