{
  "0_total_start": 1745825425.0513856,
  "1_start": 1745825428.950637,
  "2_end": 1745825505.894281
}