{
  "0_total_start": 1745749527.9809122,
  "1_start": 1745749531.281107,
  "2_end": 1745749538.8032773
}