{
  "0_total_start": 1745913121.4033232,
  "1_start": 1745913124.8266778,
  "2_end": 1745913138.492289
}