{
  "0_total_start": 1745913309.9313314,
  "1_start": 1745913313.2095346,
  "2_end": 1745913368.4193103
}