{
  "0_total_start": 1745819583.7882645,
  "1_start": 1745819587.3988082,
  "2_end": 1745819620.5705318
}