{
  "0_total_start": 1745754449.1971576,
  "1_start": 1745754452.5591795,
  "2_end": 1745754467.7605746
}