{
  "0_total_start": 1745804558.9245515,
  "1_start": 1745804562.0457635,
  "2_end": 1745804572.083498
}