{
  "0_total_start": 1745761627.444914,
  "1_start": 1745761630.8777058,
  "2_end": 1745761660.3758729
}