{
  "0_total_start": 1745829157.501104,
  "1_start": 1745829160.7137504,
  "2_end": 1745829190.5986009
}