{
  "0_total_start": 1745917079.281184,
  "1_start": 1745917082.3128307,
  "2_end": 1745917094.3378007
}