{
  "0_total_start": 1745760204.0771275,
  "1_start": 1745760207.3332179,
  "2_end": 1745760214.5223165
}