{
  "0_total_start": 1745805791.3499825,
  "1_start": 1745805794.55267,
  "2_end": 1745805811.644866
}