{
  "0_total_start": 1745748056.4258366,
  "1_start": 1745748059.7240176,
  "2_end": 1745748070.3242931
}