{
  "0_total_start": 1745802316.5124955,
  "1_start": 1745802319.7490048,
  "2_end": 1745802342.110359
}