{
  "0_total_start": 1745824832.7038531,
  "1_start": 1745824835.9892728,
  "2_end": 1745824895.0606756
}