{
  "0_total_start": 1745916830.7040784,
  "1_start": 1745916833.8135097,
  "2_end": 1745916843.2648747
}