{
  "0_total_start": 1745823987.280117,
  "1_start": 1745823991.0827441,
  "2_end": 1745824049.7191055
}