{
  "0_total_start": 1745756676.255863,
  "1_start": 1745756679.7761137,
  "2_end": 1745756723.5824835
}