{
  "0_total_start": 1745819020.9208372,
  "1_start": 1745819024.4058433,
  "2_end": 1745819055.5089145
}