{
  "0_total_start": 1745747934.0593078,
  "1_start": 1745747937.2965865,
  "2_end": 1745747953.2012236
}