{
  "0_total_start": 1745809704.349281,
  "1_start": 1745809707.4412227,
  "2_end": 1745809741.900323
}