{
  "0_total_start": 1745807977.5056243,
  "1_start": 1745807981.0162723,
  "2_end": 1745808077.3984427
}