{
  "0_total_start": 1745826385.4669347,
  "1_start": 1745826389.14465,
  "2_end": 1745826445.7578876
}