{
  "0_total_start": 1745827052.1219058,
  "1_start": 1745827055.6939955,
  "2_end": 1745827095.5387344
}