{
  "0_total_start": 1745917029.3536832,
  "1_start": 1745917032.4709098,
  "2_end": 1745917042.346217
}