{
  "0_total_start": 1745917128.1825187,
  "1_start": 1745917131.2700057,
  "2_end": 1745917148.6537077
}