{
  "0_total_start": 1745820439.9516404,
  "1_start": 1745820443.6689715,
  "2_end": 1745820480.9394383
}