{
  "0_total_start": 1745817493.5481043,
  "1_start": 1745817496.7556932,
  "2_end": 1745817514.7885027
}