{
  "0_total_start": 1745762431.374226,
  "1_start": 1745762434.5772054,
  "2_end": 1745762454.418496
}