{
  "0_total_start": 1745821755.3660245,
  "1_start": 1745821758.8869677,
  "2_end": 1745821787.526203
}