{
  "0_total_start": 1745804038.770902,
  "1_start": 1745804041.9507372,
  "2_end": 1745804065.564189
}