{
  "0_total_start": 1745809071.976915,
  "1_start": 1745809075.261153,
  "2_end": 1745809087.1268928
}