{
  "0_total_start": 1745763685.9652956,
  "1_start": 1745763689.2210429,
  "2_end": 1745763698.7102017
}