{
  "0_total_start": 1745913174.9064803,
  "1_start": 1745913178.005196,
  "2_end": 1745913209.5699275
}