{
  "0_total_start": 1745759173.4048367,
  "1_start": 1745759176.69465,
  "2_end": 1745759178.692269
}