{
  "0_total_start": 1745757107.215306,
  "1_start": 1745757110.489437,
  "2_end": 1745757143.8413618
}