{
  "0_total_start": 1745764608.748316,
  "1_start": 1745764612.2552965,
  "2_end": 1745764628.266737
}