{
  "0_total_start": 1745823132.8552969,
  "1_start": 1745823137.0363433,
  "2_end": 1745823197.5805655
}