{
  "0_total_start": 1745758346.313454,
  "1_start": 1745758350.5435555,
  "2_end": 1745758362.9241555
}