{
  "0_total_start": 1745827819.046808,
  "1_start": 1745827822.2815971,
  "2_end": 1745827831.8764372
}