{
  "0_total_start": 1745807314.1967096,
  "1_start": 1745807318.0385046,
  "2_end": 1745807331.4148986
}