{
  "0_total_start": 1745916972.5317903,
  "1_start": 1745916975.6486309,
  "2_end": 1745916988.8363814
}