{
  "0_total_start": 1745913538.6141293,
  "1_start": 1745913541.7566125,
  "2_end": 1745913566.2753391
}