{
  "0_total_start": 1745760505.5341716,
  "1_start": 1745760508.9270027,
  "2_end": 1745760519.0618272
}