{
  "0_total_start": 1745811628.9807782,
  "1_start": 1745811632.3630903,
  "2_end": 1745811676.0746694
}