{
  "0_total_start": 1745825070.0245395,
  "1_start": 1745825073.4625375,
  "2_end": 1745825132.594896
}