{
  "0_total_start": 1745803335.2938194,
  "1_start": 1745803338.4132845,
  "2_end": 1745803384.9176843
}