{
  "0_total_start": 1745757620.5225577,
  "1_start": 1745757624.4981077,
  "2_end": 1745757667.6972542
}