{
  "0_total_start": 1745812523.6448038,
  "1_start": 1745812527.0439003,
  "2_end": 1745812574.778329
}