{
  "0_total_start": 1745913244.232737,
  "1_start": 1745913247.3412368,
  "2_end": 1745913273.848007
}