{
  "0_total_start": 1745765845.3488884,
  "1_start": 1745765848.6298368,
  "2_end": 1745765871.0654938
}