{
  "0_total_start": 1745759725.9040377,
  "1_start": 1745759729.295033,
  "2_end": 1745759745.700987
}