{
  "0_total_start": 1745913639.4467874,
  "1_start": 1745913642.6483943,
  "2_end": 1745913678.3752732
}