{
  "0_total_start": 1745810351.4034843,
  "1_start": 1745810354.7091565,
  "2_end": 1745810399.3142128
}