{
  "0_total_start": 1745758695.2678905,
  "1_start": 1745758698.8986502,
  "2_end": 1745758727.6338375
}