{
  "0_total_start": 1745916906.8452005,
  "1_start": 1745916909.9591784,
  "2_end": 1745916916.9363754
}