{
  "0_total_start": 1745755261.9239562,
  "1_start": 1745755265.26844,
  "2_end": 1745755281.0483923
}