{
  "0_total_start": 1745828745.959837,
  "1_start": 1745828749.4110503,
  "2_end": 1745828771.2921278
}