{
  "0_total_start": 1745750214.0821187,
  "1_start": 1745750217.336311,
  "2_end": 1745750224.372544
}